{"cameraMode":{"drawMode":0,"name":"Shaded","section":"Shading Mode"},"sceneLighting":true,"audioPlay":false,"sceneViewState":{"m_AlwaysRefresh":false,"showFog":true,"showSkybox":true,"showFlares":true,"showImageEffects":true,"showParticleSystems":true,"showVisualEffectGraphs":true,"m_FxEnabled":true},"in2DMode":false,"pivot":{"x":-0.1399998664855957,"y":0.4099998474121094,"z":-1.9300000667572022},"rotation":{"x":0.16621974110603333,"y":0.6116817593574524,"z":-0.13345253467559815,"w":0.7618578672409058},"size":12.12435531616211,"orthographic":false}